,summonerName,accountId,summonerLevel,puuid
0,LokiFc,bk1m2_GS-2L9loYOKil6EbsEHnQOCY15LRVByLuQvjf46Cc,291,AvAT9pAFILqL0Eo0kWmFOXug4KyIBh4QprnfHU4Ao2e3BjJLqCJFVdmroRwpcHVvNRFCec_fdW_pPQ
1,lepanta,B6nuFHgma2xw3B4ZYsSQeb38pgQxgajWykeB8OEZHm0sSO8,131,z2NP0f9IPVNevXHBEiZ5wjOHHwmqifJM0St3OpTjgI8xongB5r5mawgbt7_jz9tytWaLcrxc_0gsdA
2,i still hate you,4FnPhlgfii3JW283EbPr2Zl4ZPYoVdk6Qfjc7LIPP8MrZEI,224,CZq0S_gurM-JdaLAI8mZxCHhvxWGSen9ipXUt6QCOkyNDzrUqyxm7MyHCtJoWIkvJsdZxai0lZoBrQ
3,shadyzïn,a3jbDn6LEGapOQp3ecrp3-PS2kUryxZ5NHXzQn40TsOT4tQ,233,wADRcuNbUSKIB1uAIodgtv23LnbyrZZhTY5-TXAuDZoyzfseqcp_MVKLiimYiw56shxYFe4P0UQHMw
4,lagartin safo,hsiTGDBRyGqJ57_rcYgKYy-lnj4HVJJrBnviuc41KuaqsTo,137,XnADRrwXtgMPlKMovnXyUvc31v_1H-0chebhzdZ7piXF31flnH9VcXFjHU9re9nt2RNB3i5dOtAdqg
5,ll1 blessed,KT4JkHYyvEri4rh4b5kirfeTPd15akj0iTlG9sIDjaMdYZo,176,rvSwK7BvhoIxVY_RqHFNEL_9rfngHaFq2N17az_pItmpuTEe_hHoXWNizT01UUr2lx0RPe5J9fcdNA
6,Jao o isquilo,MGJd3GNPK9drCtEYEohm33FqDk_37flSD3MRWjsk_YV64x4,226,8WZWaAOKI5NTQxZ3gizgf5OC4oflMUt879AvSUw3yf5YrS6Y7arnT5ALopEF6Sw_VqPOOCDJ1yETMQ
7,Jägerwolf,gyvL26m7_hv2pSc-X0PixHzCoAvFxkYVrDl4mrWFyoy1358,288,vzY4h3hyrfXfxAwwXXV1Nf44RCbSRJqd1TmUNedWnuVAyT62n-cIqQ3WsCDXXXizeLvfNZG13LnYew
8, before i forget,gpcIgRgo__KkKvrer4y_jKNlGwv47tZyIuixE7qVKWXPZaw,213,zwInVGIe_65AT51mhW6cbI4k1WxB696zZ1_Et1WY1J6AeRTSYmO2KHFZEFEHH1n6QtV8lK05D1ibSw
9,NeymarD,R2rA09OGWpX1H_biVETxr-xBSQh1gHPKbLBvzSY-rwvVQYo,221,spwnUNn9XQRWqHX0nB0nB4IBfrRNo3PObz8_qI6VMhDKkpcxUBKglOVC2Oq_-oTdBu5QW4FJG4ZsWw
10,Bolsonara LGBT,2fDxntG8tl_C2s-Vy4GrYJIIkmGPlc9OLSEYe2xORSQgkwM,244,439MfyWB5-H3RrnvHoEw4LARCeIt3oZYd6AxxnH_IOQJmc2x23dCBawg_ZEOBsfD4xKoOlvXckvalQ
11,Pinson,atbC6xF6w4Mk7F2YwvK7-sN2qUgKrOk-91yo_CJ68LuAZLI,408,MP6bgOry0Lgzj6tmwMXbWLzTXyrdquKAbaRIyzOrwwGzOBz9drqf-GQwLJfa87bO0naQBqbHe70Hag
12,GustavosZERO,VcRe5FVU-r3-DsagiY9tTL74SLhiOQJCtl4ZJ5fMqJ6_DbI,176,ek6bus9nXSYyETYyRRl-Q8JcDB0UDE23bP7zT4qFcurswfUaSpYVmQQtfKnpsCdCxLCKRiUICX-A3A
13,Doido de Melão,nVTDaqcUKnECfLPSuL50m6B2_afuOLGGcB7t3J3ZK8wGEjs,352,A7pw5etYvO0MM06ezAabU46OVl0Q2-Ba7RQTVIB1UtHrbTysyEhmUY06HxoGOP3Zp7Mf_v8RqlGuwg
14,Pega â Lanterna,ucNvFFRQvK0NgXRUgqkjHhJoU7egz5Ct8Vl-IjxLeGFKHS4,201,nAM0l-EVgaefGdmC4Ue0v9uEDcvPrWxwhI0F072iqJVaA5K_yWqM6I5kWqOHovbU4XoLQZ1FhH6aqw
15,buff nami pls,YkpfPHj-kb_YneKY4AbSL4SCAl7l0CxANJZwelFHm2CgpL4,353,5l_IKhSMeNCLzVlQzQR0z3p9hs3N47lO1an1baSYBajgm0w9C51ENi7CRUTLGvzejtuF5smwsMX_gg
16,Müca,NjeuGhAZ9HqLwWX8TlwKZvXcovkDE3Gor5pWvdU6vM56trs,260,gSdqiWScO9ZCkyCErg1SoQ1sRA1ztpEfX4UNJtYJH38rqyoPfPQVOb6J2T1yQMCeJWNKUh744cbSUg
17,love ur smile,g3Upu7q-IByj_yHKeTjnDnBNi05Nan8IMvaSt-I6EQ1VLNE,351,_J0e8_awO6R3X9JefPYmNYmSYGjnaoCxW87qJVHYCNVtJcKjeXAYjdwS9jbH2bo8xuzZ5Xy8LY19HA
18,João Pedro,nBeen5BbZTEeIt0dDdDY6fiIa5zW5zZ3EnZsOHEkY_yxRE4,349,E8JOWKKyz1WVQMZOdktIVNjYcMl0z5ft2km8n8yE1Sj-SVBWvH1Dpc2iI6QK8K8QcJPRthbsonPWfg
19,Mag0La,AuGLAqmPogKlDNYXtaZW7frzqi8fotGamgLziWjWi89nDLQ,333,XBjmnTX4ZElEAhh1QuTHszm0lol342foMClDgLDFwL7_GCO_Jl-IDVLKZIQMVI2Nbios2eHmvYM_Jw
20,tupapi420,LgVYIIYJO8eixaBBenuOenDWz77xgTwuRNTF1zazKQWcFQ8,152,1fqfjOEYF4P_cYNOO6JLMoNsVu_1RkOFHA-hfjCfzaV3nuyr5EO0rd-XZf-WCHuhkNX4cy6484uUgQ
21,kayn tanu veloso,OV0nZHVw97yCNdxhqD478nG1z4b7NND5f0M00fiY69hoXDA,72,bx_y08DmmCrD6A6SeIQ4SsXCFVjddvaEbRVDHJ2tfThsRUNGkGmIS9gPAQwGmJ3OTTxNTfpoMoZM6g
22,Snoorky,6VtT0YkcfOM1LArllrL9xEt-Xx4I_vI3I2P2tl0okc-duhk,395,lO-FtIoAyQrKWlax73WOXGCBdfVdYHYR4zzKzLdMg1_mSNIOoHsvFpzqmMRr6VamGktUsPUw1XIHyg
23,criscris tfpn,-nnGgtYqeC217FGt8l1NLEa40jZ5DXeWCj5gHfEPOJXTyYU,233,BKOj7nF8Bqsi2VQ_mtgZIGrCb4aF9Lg4qPWtc9HTRQzG218ckbkrdFDQQqG0ZPCzFFmuA3GpcsXs-A
24,Nicolaci,PA91kFklL3Y4my3NpqFM1SCfdY8VPCx6TVMfRy4OsXVVRUg,513,9yeG5mjzNagk1wXiM2aa3d3xqY8av-ZQ9Rz3A27ojo_d5ux7clf-wsJonsvpe36TbNYWPidQtpz52g
25,huhi,QncNvwEifvptI6KWRHUMjqcrK6SBPWogj7QimT_6bDm8m0I,366,DZ7sPg3QhMTJWPD83ggTFEi6lD9uX2ZqC2fyBmVzcvPVeQePapzLZjbSCdw2xXnb3DIjiUxBNtMR3Q
26,Irmã do Kevao,jTier3wAmGTY-dyYFFAAZmi-Y8bRtec2rRjHomroVdi16J0,358,GqmnExcGhFhp0zeo9G5chdLrzxdAIjEMc2jtGdP5yFa0a-_enNKMnDOd1uHV3jhAZoLDviDXh_cNgw
27,gues ,5q8ImtaxE7OlNnZ0UZeCFzYWFbj3FJhsEbVEScatSN85Crg,158,ogWZqecNnwkxq-vm4J-nNevgSs-u6RLb1fL1lXErH1UHeoxy014IbjJZpuAGrBV4jnSc3aCGVCuMhA
28,sony apenas,K6Zi_atvfzJDJ97rtns13mlvg2RSRLGtsxOkaiipZMCITkA,259,dEvRNkR0urCUdDBUtvesYqGuKbeT2ta7YQTnyK14pPLWkKiMiU2zSFiOhFKifnGcjn0UlMSg-_3Plg
29,iEndlessly,xl9-xUsC68-kOdMRJk-IOA6DdQ-MFSLy_CX0jZ3FKcq14SI,122,MxbsfGqiJnXe9_V0R8njAssBxLVVvTI3jQ060EMubIU-e88_bjMTvtTbWFSJag5kC1l084qiKtLkhQ
30,Gants2,1ydAvNcybyZXvc_Z3NAENIxLmekk-0y-pCwG64dYFsGtVEs,192,C_1HZliqPgjE03aikBh_BI28j4uqopdQ-TLxBlqY1uK_mlqWzAyjUcyuvocDSerYekc8CWzkfO5wJw
31,rabeIo,Naew3AXPWwLDmTe2PiB67w_aB9q3evD2dCZ_58Z4CNGBDJM,82,KBv4jHz6ZUZGyIncHQTXS5enbpCYwF9PfR6rTckxWKpMNdcZpsPM5MK-CDM4TTnoqjsdz3JBk9danA
32,Kr0ft,kuampLhDsO8e0q1cVhyT3AtuH497xGyOcWNNmtMa5R1DkQs,440,45xVF_PcoN2s8CNBO4sCFFrhnVd2Q_281RkxVgEIfNVOJgwoF46YPdT-K4YzQVjoRAzlLUZh07wMAg
33,Renëkton,aI-AXCKu-z2OXbHPiEGvz4axYtgCQScZjVk5FCXcJPHW-YE,162,Wp-spuPuhpMqh-lsBYTsdp4_vj5u-XP4l_47zli9Rml0CsQTwpEXj_Z-V4Qo8IiSAmNKdbdgA6W9mg
34,só palhaços,HLCPpSyD3IQL4aHR9IEaZhqVU7OIl3G9D2cQMwIKOmsK96o,158,FoImH90MKxHB6G6fXqs7gW8ycomulFW8GN0Q6rRvPHaUzqFyT4FJAzf_0tgwEB7okBh9DNGulB2b3Q
35,Vini Master,kakFIiAN3eVbGRBX4BM-oFj3fiGBXvPAyjP64oXDeJDnHxc,287,xXbZYYC3rceMTrMnAi1ywv4PJoREzVz8u_BzPmMqUQDuQ3S2ZFtwJLGEuB_pgpOZIzpaWOK57lvr_g
36,Broken Shadow,CnY08qT887gI8YXoYcLQeKREWuh_Q-MzGFNEygAtBDvFhWk,220,vgLjbnT2hisvGmtwrxzveVsgxUo2b_zSo816q68d7rIPQv0OZh0RCRT6iI3kzNVslTRPVFV6uuxXRw
37,Hnz1,W1s7p1dy2ZhbDBIeKBkXHYqouOQMM7Pfs7sQCYkJ_I362mo,143,1y4bIDP0kparcKqgTFxzbHSz3P25oxFD2GCdD1nI3MqTKldRyQye37uD0wGdUD5nPWiotNnsgyTumQ
38,Buio13,2YS4WF0_KjvyQO4962EiZ0dSaY7JXt2jm_fDoNiIv8vekPo,241,kwrZn5-WCAL2lEQPHiD8mKhleygQpmIBrVexWuIb7Tx34-QHPWkK_DTv9SpO7sYafvlBKvfchLMfVw
39,FreashFx,gv8tURYwM0lo45aW3yNX9mfT5IZUYHYadhyfJZvhoLcYGhM,299,D_Et7KLohZuZ42OkDa5kbAXjfN8g9RoqhLN_piA9ljhVvlgGdoeO9ONvVYrDxzBY7bJMLHVVX6NuwQ
40,Spark2X,EjHpp44qCoykxnBBm0NSmTpLdFIgXjcl8VCNkz-F8Uwby34,324,EOsd3ncyTvedO0Z4_Fr7nmaQX0EtIOL0osgRtDss2w04Xeju0rsp4GLGWerCv-MvlKAB2BhVSbWPHw
41,PhD em Gadologia,3lYQEpHQI97u1H1aaWKlS5StiHC1xgMYH4FRvez0-Z_zJ28,188,QHUIXK8zdd6_EdPqT81RpOK0-u0DIKwmqavNsYTJYvAyDVUZ-0u7SR4zut9HkWRFpdn3UNnB4zftZg
42,Jean Valjean,EDWWiIa-qItilyq22sRXV0wReaVw1Eb9yCiMzOB-Qdo,272,47uLG3wv4TTkgGz2y5W-jBjVNQYtTSmEj4sZreB7_-X-BK0XBzQl56Gdf7M-UHbMobii0_SS8aQmzQ
43,anjxs,elacjoLsAbsISDUxbeV0I4zRvKfiqeNv8GGPqomfkmM,208,ZVZvVxocgE7wdFI8YI97OoBi4bJj6uGgNwo1JmRePbkKau92qRIW1S_5Du2z0yOtaGmjWAN2Jya59w
44,Mitchu,bgWcGCVYIyiGSdah0JJJouG9URI8rgkoMwcfHqdq-pU,205,xN8p_SQvP-vKSrb2M03wvk4QlcsnEOWmVM2v43Z4vVN6uYQGTbg6fuehDQ4FdODRvcNPdH0rMW47Xw
45,Monster2,xYXxayxrwj7svPu-jsNFOJ513sKLKTo2VklcRgJX-bQ,449,WKaK7wT9XiLmA2Ghb_yqvOrUuM5CaXIlzrB1ulyszjJIQsm18o3m7ywIpUFUKMmPKzZRmd15QzwReg
46,Kenith,qYa9jXQEBsE4DrkPTIWqq8KDwPfANtidwH2V0d0IBp8,180,VGNv-PQLhPZqlWKsGpeNKyW-Dx1ohy4glBlVxS_YbIF_AjCT3RvsdrCwT_BLF7Q2rGyVcZhJ815GSA
47,Isses,zQKmw7I5JWx-8UqvCD14-iEV5C8530QZLj6EvkpW0uI,264,KmSf88lbdEOj3JZy8stVADMFiwLVSy2dWV7TOLWOoqcUpXS013GZsTO9HIi4LoGtMjZXl1gB8IxnVQ
48,JapaXxLokoxX,5PzvYlVslKsAAVMqMrHupHm-98PYmxwykD1tYE4ycHnS4Pk,109,vcX570dNRwXp_tqqqk543D7_tCZbF_FRLnvnGWmq1p5iQXKjyY1C81JhTR4VAKU40U0iE6ybvhhtFw
49,PeopleFace,kUXH4BWy44TuL2MtM5Xxb0cAwRkdEj6xpwAiSMOaWFU,175,QQ96JhQFr7syc4_Nh_RJ3pH1YaQijw28CIlfRapZp_xJ-8v_jWqhlP3p_Bw_HBCJXOxayro8bX7luQ
50,Raposínho,zktBjIYTRfvofv6nbhfaC1b6b-HXJllRJFs2ZGzrk3I,383,WGXfeGd8bwQd5emMyRM9KLIakgTwoetwe3WpJgCeMvFNDhMTXsafkJqQN4XvB9nhL1r0kkSLXhNiow
51,PP Is Here,JnZQosNOLm7GRixf3rfsuA9xg54JCsPrbGEwWK-7rIt7,324,LfjWBRkGmyTkvN1UcC9vz7LOW6ULAAYAL0K2TRJ0aqf9Ju-tABXvAQ1yTpgs0DU27V6Xauc-bA4Mog
52,Wirth,j4CycOSpZpQ8L2mcSKrBrl-ezlPtuR1isgjmNb8sM44uARU,237,C_vz-tDmykuQL3SycrAov0tbv0qxk-ZEl4fyKt-bxLJTli4-a12QSQ5DoRUeetEwYhc9aSftwcYtPw
53,Amped YTB,p6ObwYt38OdbUwDv2oruPjUH0UKVdxL-in4He-ydAS8,188,SFMAMJNClSWH52Fn9FafH0tIgjMpdLzUvUM0mPp0gchzPqa629Mg6GSji82Ni-nU34q3F_FZhQefBQ
54,Majolo,ueVxtMVQZbFLGZcSMztht2CaG43aoEscGMGAaR2iveqS,395,JihPdCxpnAKdj0IkhALKCLQbmJRNc6XyIMeVVOF6Lz_8vIUnQlnLM8xJ2WNLM4yj71_ellaRxHepLA
55,Revex,O81MTk_5wq55rNSTw3KGsWZ-Xwh2-IGKmCMLwlSUf2hN,120,bJPOvn0CTWKe9IOyKTQVDwl4vb6qY_0JsVYCcKF__OU4hhRCdNHP2pzqbmdtFqsQeSOTTtJV9c4NxA
56,HAAANNNKKKKKKKK1,MlmtFKA3tI4f3v0SZ3C4IDnjPyTM1ymFNASxePXv3iXl,181,psvjU4pEnHYnlw7PVG1Umc2NGEjRhBtVRB7A8Pf7JGM_OqkOLEve4zPjJ4CHOASAMgkJY7e5ysNigA
57,ballão,XRHZfoso_OZKF9eGdiF476jbNNml5gMB0SsMZnWOF_c3LGE,297,AXQqFtiqTXvnfRj5Q-pfDZdzM991sSoklNKla_PbWMSue2XZeiDRBggPKusn3tWploH5LMBvy_kDrg
58,Ferdan,ZmmviMDJB-IXzvpOTQCySAuzNCnCnC0z5kIfZn7oPYc,218,WJwSt_br0DhgEhTVolfVHVn0Q8s6OeoDJzCdwqtCu8ys9tYqiIDxZIIb_oXejUDXQZGjKtrfRlupDw
59,Rozzatti,tOTfD-CL1kse7tt8B2o9Wijugr2NKhCceYDx8JdPqG_amtU,247,ZwlgN7EYC0UTXaIbgSI4D1SKMsj6Bn8PQIzJ0BxIt66npjCW8NLw6Kn86mkOjjF5AJkO_DL_DNn_VA
60,hina ryu,bFGSniAO1EbkuE_15MSA_tVBd4Bjri26LB6Aclbs1847kBc,490,vVlS48DLUsVMULObCy6Kl_2G94X0DE2hWqC_bzHVhr1DQNhB6KzFTLeAo9ux_wi2Jt6Xh_dnTkiJTQ
61,Darknesmad,mIa-QDKylEPfN9jMk0LbduDQhVgAqmIAz1yu-Q0stsAyR84,120,uv_0WsTBHD56RI2k7Se0Kh7j8gFOO2s0jwZ7MlqRMazA5b3NsT-U0DV4I3N5fznXdZ8Oa6d-m07DCw
62,Zcisor,2_0_aQHCxac5lLj56udX8jEWO-DkkXnGIBZinpA2iJ87sZk,166,aT9ObTzuIRRPYO_cbmYXCg0y0Ie7HPWp55w_sSCr9xP6lOPE2owv2Wr_wrkaRcxlgx9BBa1EcyA-Xg
63,u ll be my girl,egHMqx_JEt_bPkKd5XS5xe5aSlywI75n4toBZSHsXxo,214,dL-fwAe92iLewWRslCp4FhkZ0x-PdPHHpbnGBHFubXCuOXFj8rUtnRDLpZ9D-ynSdhBwI4JwHpZ5zA
64,Guilherme Kath,I_yX2IGH8UmyUJyJmVEtXqM4SUXr9-i2Ap47fvNH6V8,399,a_9V9SD_AzNUHJ8tT5o40v_EoRIk_yj-TZX011aV5GPbRwOxZUNVpMrI7Rspv650gjOOIqbqT_RE-w
65,comebacks,tsx1oonhZRAB-k5CIsQm9F7f6AF3Il08xSmgemc4eOA,237,MwVbMbcz_D2bjpeOmAVb3RkufDVVSXrfwWHoJOtw0truro8-ixjFcMa3zqUi3vAFO2RZr-vZ9TFJfg
66,fox senpai,DWanLJtRb0LTORVprFnVqrvfsWbxkYVZhKY6hluxFAo,203,EaPzkFK3Q_a7xizayDgJS-p3QBSQgC5vBOWp4xI0LbHZBa9WHH0oT_LXym3PG3eCZOMP_TlcoWBBfQ
67,Thormetic,tViri9dijWOAfTEDvUtwbLKuUVjVZBuvH014eHac4bk,208,S6i_92AwDKeyEjUC0n8Kl7dbmgd-eX7DJJOmUcIRoW5LUOakXLcnm-5s-8HsDCNlZTp47sW88Cn_Yg
68,black svvan,iq1ux-Dfzfx0mJDEWcnijwBeEk_uC0d9jm4FTmnUChKE,301,SXB6f8TnFy1412irxJvixRxIzaAQD5TzbPcp8qfDWXXxxY9veNOCmRxV8K_Nc_C085G1THBo_UjhAA
69,Yidaruny,mRuk0vnz1FOb6TVOLCUwq-i06p-5JznMMQ_X6P3kqC2Y,457,XvEybZo9QjcwG_h9Qyxd5vTS8h3Xe2LUPSUBcYuaGebMq8wx_4HBqfA3Roo9p44iZFcHCSfPOtH6wA
70,Cabra Selvagem,35zEbh3YsmUqXrjhhluSQASSt_7md0bUpGsk0NE8o-6b,184,JRlbD_6LJPLhQVxpzgziHXaKmKl-p9KEwZ8Wh4rr39Df9FobOp4e2Xf7seJ05_qB9xBx5ayEXrXbzg
71,Sobolewski,O8rJicwxI8it-1vqgAV8pzS_B7vTkf5lwsqSn7HOaRpfO34,206,qUBRsD2fRCl4yH3nNBmIhFoe1dp2qihMC2qFzJ6010NqJ6I1kGk2UN7qu7qy5bgJzEfZRNRM68cZ8w
72,GGHB,qK_ZPzCutO0LC2c3ZggNuiO-KL6SbwXn9xjomOGXXas,215,Yjm1FoXeVSqnvfTarHO7tk7S65Y85Qy-HrXTvdvaLmR73P6j6DkfyxJMHKOuEpqnG5hPgsJO_gqJng
73,Skywaf,8e2Z5DPnTYNoHBjc5-RpuSBL0FZbth5mV1MPbKyayTRG,267,8WpPnnguD0Ub2ShD8LOAL_mrQ4UY0SGTUqyABtAMitOsfz-3FK9gUwdz3aipTY5V9AILKjsTtB2AUA
74,kimzin apenas,WiE9vi4DdymAX9RtpAkYYJXu6yI0GAgHueOBBFXaLfnJtEI,225,mpWQsp79Y49LCZsbF7iHEjIWzSodFcpdBULrOwPax261ds337jSjNN1cVyB3k1rG6g4pDP24QIDxnw
75,OTAJAVALLUBTIP,q5kznSJcv44J6SK-dqYBDHYeojVGbd4Uf2FAqX7VpA4_4E4,198,MGJKOoHwsuKhFOurhiVoFVVRA8Lf_Ndpqk4nHvM1KAHNnlenKtscGZcOHOBFIrc5vnS8Rx8QzKR3dw
76,Mano Zubumafu,f_psPp4fOzJPbmWNAh_K1O2OUFAUpEFcFLTSTRxFtg4ASRk,239,wd33NHfqmTbCNi7c1WCEhp9RWGGFhWywpJC9ykada-aGwNum1mPScyQFmHpa3pZZbJK4iEXeZ7XTcQ
77,Hit Kauling,3mKQt8mWING4tfz9gAHYzLVTdo-2HLE1oe2X_enbQLss,146,05BYHUh0rEmz7WP-ur56mCoFXLY1qE7Pf9zvAk0M6DHXRUQ9YlpMvrErTaVBuWoJQYnjVSppZK_Qqw
78,Niight Lovell,X59t5eCxy6IhTDQkRucB5qZKv_wNCvfnXakrIrzTMU9crh4,144,qtQvcu0ss37ewBXogxhqhPddD0d8poAJOTamtoALJCDE2_OHzeK-7WVrhiEjsnTf3YtJAwWo3yuTdw
79,Dunskel,mV_wvTWks__mdrIcToEoWYzLxXILZk7FXfpq_W_Hne3n,312,RytbbTVnXA32N7p1W22re-8U4Jf-UTT0DMhVfI28VLO2RKrK5Yj8xUe81rOJfMXYlkMcvwnJUpudBw
80,Leandro Menezes,xCfdHXwMP-3mGV4Kf1smIeRWrJu3YuL14X9wXX_Xwly3,162,Zjr3RzsgaxRzpy5FvbZ3O6e0xrOcbVeGa0B9CXgj8G3n6p7lUf_UAtRFR3CXN_kGdq7q0fjoYPheWQ
81,Ryek,Lh_8rJ04GptLR3kECY5dgZKsMcjcEmFpM7uLBqDh3aLU,239,tjLPZznhTDRfHj31E0RhmrcRfq66gvDNlC5uAGfFy7DoO9uGeZ3KuNPj1O-eJ5Eyt8pt3przKejk6w
82,Mandiocafé,odoLCokySfgLv90hyprqcRas27Hje7S9egdbyreYm1Wl,265,jksQTJfluC5sYtOY9Y1gNkK9yMt1m9Vn0sUHdy2iLaVWVTX2ryaADSGmt09dB3ZiXjHiuvKy7tGvZQ
83,Kuiaratame,KxhKtblhnRutqomOVuylZyhftSsnVrG2tPgu8QTZDO0t,223,igWzOXeLhTZ16WXjNhKBDnpnVTzTX0hQwIqEtR5mODTAf9xemXkwjC2fYDjbzA70WiHg0JY5qb6B0w
84,aujsygfbheaklo,CMdkD7kh_4-_Ene-omVF07gQ4EXX2YKLeHY_T5GEin95GXI,155,wA_l5GPlnJWJPkAmS-VqUtA9rujwdhjyW8iXpdURAaLz1xYfpIv6kSPGm7K87zJsHngduPABKIYYUg
85,Naekuz,sHXxemA9yatUBGl1725moFhPptHIPCVoPYAhHwSLue_l,258,G1oKqXJc0UZPNXkNlUar7ptNiDWcGXZzzifeTAduOwekr_rNUpJiNl9B2FrVlzt1NmtKJG_VQpiHvA
86,tika1,tmooaasShvNZ5crTC8ChZrRVDq3Ezomz6S6QQUWmhhE5,160,PLm37LCfbQIpDmqNzm1de63HGiol8jIX7k8RwZHhYYR_ifMa8hmxV9xfGTSnTTzGoCQDmSSQzRsosQ
87,erva autopilot,0Ep_UOtdQDPfJwkxFTe9f777Be0xJ0vEQaihTGg7v7NwuuU,259,5ho9Gar_dmbfiDCYizTUuWfM0pe74brLsrPyowz6fV5fa3RAcdNCjRRazvle1QhJTBU62ZDQNpx0JQ
88,mottta,ZLHJDMcfMR9DejhbcrZRG-I3mLGlqwn16GCzBJEUHQdz,270,HKxWeUzuD-bddoHZw32Qd86wZCL63a_owOcjjKgmN4PQjqspBAefQBoSrrlM9CPNirFBuVqO6ozoUg
89,GLX Siylph,V30XEh5Jn2BGOTSq1QKpneGOI0acKmUoqRHfdEwr6cb2,299,R0ummm5RrMuqHVEm6Bm7VA8SKkXGWzICDDZFI-iWSCSurrBPntJgBdTcnvRcAII-bq-KEwvoCB1J7Q
90,Lehman Brothers,Azok_1yKBQ1y7ssDljyFtmaS5Uw_gXUsg1SdRn2cEFzA,389,SG0dQDb8eDJQBjQ9RDdVuznPA6qc4aSyWGfy29DctE002x-qDFF7YuwMFCnKa41OXS9uiyRSadBigQ
91,doguin caramelo,SJOBqXzGO2qHnzsPc4rLuTI_FfFVelf8xo-0J_lyyUG8tbE,322,fBMwHZhuitWIN91FA43Ft_DbsLCb-qAZQQ0iity9fs3cdLodeRaSy1R7ztxmgiMGTjBMMglK67eZZA
92,Meta Slave,jeIxdsCDX7wDwjQy9Qx-tpa8ej5abuvvb81017oRzOU,234,iB98mO83MqpiDgpC1tNoMfjVauUUWmhmSkanzyuNuJJD_n6gmG1j8DnTbH6CFHO0UHhzG8P7jrY4Ig
93,Lord1,R6_mRRbAx9a0YwB9QoKu2K3PR6S6uuYQM-hSGqL2m31R,294,ZLxbrRDIV2RP_H6Y5hHUunS7ZD2Fhw9AyAlE7AQ1pslsHRGbPDUVdWsEym2vLUSPNtUjQwtddU96Ug
94,ToySoldier,-4CsoEQGSnBqdjMhMfq2owljBMR5G8DUv_bezQQOdMyz,243,h4q9juHiRAjI_5qp1W0Pb3qEZgmgjZ-mK9ffre6Ohx_DwGicRd6abP_ue0VDosyes3LmSebPdGGeYg
95,Stalle Tenuous,wvjA593IRsksw9tmp_3gg4Op70omFskfJREwr4r24zTG,370,oxJhBzIakS-Qmt2S5GVlXKa9zinH650YemxdTBxyyIDtb6CzZnufC1YjZB8xl5rMvvcYynpjDYWhpA
96,Spohn,cYUHgZ05I4r5qhVcWS9YJ8whREmnTHY48jGGCXoTqD77QXw,343,umBGoCSlc0jrDMBzOS4xo8and45h_mBdoBi5hDrXRrS0Xln-7naZDjzmpNmBQ_3_vP8n4vMos7tBMw
97,celfisk,Z8Vn9y1kapmaHgF3PboneBSitevL0orTrpias5dopX26,444,fcXk_CFitPqD5smbxiEF27XfMzUmTZfGEe-2MNTiTF3o1lY-S8_c33wCoKRCIjoGNFC7yro0mk0JqA
98,Rekky,il6vhMOM4qDHZttHbQ7rH3EhMoJXO4-AanYBAsPrPPhj,206,X05FQLJKIRdgKNSD15XB4M-hFrzkiJS84OiP_9zDvZegers-82PuTpvPxWZD_38sDQv_tTNydtIQPA
99,uplaylikemonkey,2LWgH6qLMr83P6uaGwKs3EsVSBAxnVhCqMDbC49S5gRTlEc,227,YJ9GFIXb6s49HN_QQ_pORHI6Uu45s7ZvUbq--yrz9Pgfcf8ZVqtAqKawBz4RnvIEGda4_LUe8x_9aw
100,gabrielgamerlol,5bz-oaj_AfqTxPKFHdnIBDIbK49Bn50Pmep6OWgN5YizYBk,183,dANc9GVki_QUPVhzw74rRP5upVV-7CZvUGc-roMEFYrFssZ9hdTCvJ1ypCcecqYrenIyNAF9XuUdxA
101,Tuiu ZX,fE2mlAU7R_XO3AMjZxn9A03pnKhxOLfvIG9cyCEA4Ly-,291,lK1ef1n_bRG0DdfGbBJnLcifOS1PBnXO23-_F9MWNArNtZFB73y2jUzLe7k9xF9T87NO4BEerpioAQ
102,ATS Neyscau,309nsKcckx8rIro6K6tjlrKXiDQhUVPU6Gm5-PSkK4MB0iY,286,I0i4-b-Kj0AlUoba4UAv75DSLMwFzEuEZ7TGo3iTXI2bFP4ibsA0lENwpsJH_nVgPoyUnE_nKeT-AA
103,Himeros XIV,-mRLk-pmBd8YJZbuzU4GJ40DifF9X6LX6bj9wjn8P6d6iKc,210,8ggd-Mdm1CQSaKt-OAWhEAT7JK9JprU2Z1FFtZdWDL2jDY9su3y3J1_aJ7NSrN9ue4dyN0xDhC4tGw
104,GORILA 01,jjjf0SsFtrXndwybwPIpjHc8yLN8PYM6jmP2iHmz5HdyNTg,168,lYiwlsww-qQeQBEiZkyZq3sVzHWKfxAWcsX4_k1zNUjod2DCtmzwcB7rMGSXPWUNwyiInfmA1pWtBw
105,romance361,5cycZyLbs8SANRGEid2uu8tm7BBARW9YA4YW4_XWSKda,374,7eTLRC9S1pzrkzEXEvPVX81VVTRufL5DAQENBmN6fIFDd6K1-ZAUt0-aR-eqTlBcCqVR1iqGmxIRTg
106,Süb,ngBT3eggLIeLNDjg8nMue2rhXUzHTTJ5hVCPa7GitjLf,255,PYgCi4i2if07aHseJzL-fw7-4zDHwcLHuBsinyM1BF5UGKRWHGJhb7Wf0BFoCJ8NRf8Ry1TEPKQgPw
107,Wímpio,UKNVZYFXSIn0xNq3GN6Ck44sbml-4CTNZDB-HScBgAxnaGA,409,kMjFFYv1G-_MdBjdmncAm1MtJIUP-9q3a_cbZv8MCDAO3QiFhwDcsp9SYwFeVEOJGCFNWB0wlibsrA
108,Azog1,hkw6g1kaaS6ZJe2_aT_XZkoCLtDZ7feOdzDbjkkk0aXz,274,CGZiWK7b7IVBYEkTXfkbYcku0SSQRuykcZBXxinClN78YXGyzhKfMdop2mWdo2M1pmRFHXQqo3EK8A
109,SkeletonDeath,u_p3P4f72LRwgqkwRjZJK-IkGhH2q-mY3y_L1ltREM4K,111,dW1qmbX60DAdKul6dETFCxGNsXR3ELv2o9aQdNtc5EXxmCaoxvxq6aW215odtWjtSzv_LHyOYQcfIA
110,RTS shy,wVKsWwFkO1lIFse8c90v0tRfuMbZJlkJ60H1oATdYe4zgBQ,347,GjhBtv396Kbb1xXSDmr_JNM8oljb4l0wUAXCQQIEDYYqPzjvv5OKexiB7E4Exx1_6TCuT_6nt9dbNA
111,Hizo,Qv8KNeAUdg3eMe_MyO1h8W_oPg_2BrcdhIHKaf4G9iQWO0U,228,Luhmpv1oFb6SYpTO6qCxHeI0R0jPTp1l-Qj5LlW6isrY09WJ7mPGKgL_R1Q7rSuauYoWlsnlVC3YYQ
112,Sens Fortress,CqFW02_1jSRLF2eHDErlTFi2CaaB_0sV5Rd7BXdKI5H-,437,IKN0vEkkAlgQ4ZEQGHnH6b8NlsK3KvU_1Bihv0TqJqnUKsf9wSl7E0vblVagyNi3NIriIKjD9qh_Xw
113,Nahime,Recqq8d1pcpSTDo5WAnD1uBTssrOTZkv_ZfszqDgypZU,179,Regl29DIJWC5dGIaEoroWvquJeMelbwFT70FXHRVi6E3Pt9brjZYtcC7SdFbkf9m-k4BNOD6iN0_Xg
114,CANSEIDOGAME,UJgN4x9VNJgd0XgLFxUBkd019jccB9ZNqoW-ZRPDKBtq,323,o3j35W9h2CbikUfnX4tzt0KyptzEAmMFpFRuiU9fl0Jab7TJsr7Srb4fp5eWLKAV1MVpKzt9NkDU6A
115,Mainer tfpn,ajlm8ciJfgWhQswpkT9dKaBg12UrY6sh_Lu87ZNrKfG5,277,BiR3oU6JYmXwgcL4uZdQoE2y5pjGK5toWUtEvlbKYW65vTQ1WwH4iPYaWRT_QmzLn8G-rNvYQlFweA
116,O Gato Magro ,QAFHcqf6qBuvBdJvLjO_aer82kC1jgbnxV5wwmk3fzFH,176,EK_CQa5ABtBMJRnNl1Mfv5OJHjhnXRFiHM3zGkVg2WvhGsVXvpExxaLJ5i39afmBhINWdDZELHtSAA
117,GOL APZÃO TURBO,Xhk03WDZGOcT4Lo_cXmrL5_C6zno6tCCHFNJNRDNBPrD,238,UttZo2WDjU-oybprEy0uD-BC3wtDH4jIqoB7H02_7QHkTBE0voGqlpR5cewih7FxmV2aTNwggrUA0Q
118,FUMEC Danas,B5OI7NepAKvUhIEcrbN_dV9HVaI6BN_qfG8iJ9lSmJU,652,0hxqxznNyZdCnzwrwkLND71ZwqBPdMX50KvGIrC-B5mKmo4kSGXlDwwks_aAjav4gE6Jg0n-_YtftQ
119,comett,F-6p0Hny2s3aCEyr-8Tg24NBUyA-U4TMBVRxdDMV1vBy,461,kYtCAvEtUs92OFJidAL_PPePbC6wacgAXbSN_vbW8PHCWRoJZeotCaspt84KplPMiCfI-ngMw6Oqdw
120,caiote,uEBrrDbEI5edCyYfUMyZNCXPiLTQoicTOZcPmnOGWzUJBLA,91,nQmcMi4wVI8HYZr-fTTUkUS-2t2nA9pwZoL7L18rQXxgZTIiR5zKJYDdy1KJ1S3LFUX2dehe_KkWoQ
121,asdaiwdjpdawj,ixVRnEpNfLC9HPa9qot3rf9EgVZ6XZyQScsxIr_oFRkct2M,185,5ajysLb7ej2z3PrXX6cmWrndo7KY9nLcy6Y2CVFYlBPdt4CORsPHmNuk8Hx9gvmOy4GS8HQM23rrqA
122,Shayds          ,fbwqXkbJvBMnqRdC2hEiy2hkm09RCshI9oyl2Cbk_FKlH98,288,0PymOgpcn1H7IKQO3JP5RIM5n8LSHoYv-fNIhVP1GSc1Kpg2Vm5UDT0RkJMlW-MsEkaAgblZ1kq5-A
123,Rafaahsz,jO8UBqeuzORszqB1rkqsptV51RhCOF70ZUVFDJs7T4Y4ktc,223,5Rb50wxdJz_QPqoaK1QgusFJ2EVWUjtqzDKt5l-PMmUO3Kr-BTnSIPX7QDjlXULMFn5_xIDGsMjiPw
124,BestKatWorld,kknBAO9xQ7sF56Dn8r4IJellwfv8FU0ccVNeySEoYqZqfwI,67,fjAyj5bJlsDwsgmPZNkVWeO3FetiSOYHVBkMjHn3RXDk9w7niCcYoBsNW_3ws_AcH5X3hQgyl42FEQ
125,Manu Gavassï,4RTacTKJOXjC4IZwjdsJmMdFzc8-Vb-SKan9quSvzNHvn3s,434,c1rnPmZ3WoEideVT8w6dgzyMNuJNpw2W7vglWtTABJ4vmQJ53tYEtsNlsXlxY4y_ef6KKPZEkYmqMw
126,WATERZIN1,kMbTlWJFfA5bO97BHb_bpRIlbDMhyxWq3SlsY8hi7Yk60DU,113,UdCAReApq_k_IoVZDUY6R0CPPRqhOlxR2W0qF7-uE78qZvYHlrosChpQJeSKzipedxlIbfTYin8OMw
127,Kënaizin,AwtdRUJ1b_mLe0-Yw-QPWPHeRrEUBz3exkJMhgf026UFRHE,345,WU8KOnzkMQhGZm4NcYkK5u1OQ0JAsGkcPTHODqL0dOlu2OE_hczbTfA2bNKLOYuzguPfaQ31Kw2wZA
128,Across Dark,d1u98sf3uZ97envz1JmtOg7lVR0EhIeJHoiPGgDrmXJOXs0,307,GjB2ao30W28L5Dme5Q5dQziQjXO1b5H0kJWqXY1HZf1qQrh7KhUxyYeIeHf00gXQmuBW0Zqtc0jdpw
129,GuyTree,TsLFbSzc_GOutfGe7YNkNZaLdvbuw8U7cY2JYzhjZtWpShU,260,2Zs-LlbHP6MTYJ9dGqREsdryPqFSriaf1QmiZSXYbP1PDmqvkXJGUBYsTaOF4L4LvaPUztJ8Xo3E-A
130,Psycho KilIêr,xDFRpMdKWWsnidnC6iFOH-YNwemhaLiOAeyRiqLlJr7s_Gk,215,26Bg4xTCvXiaRrlpl1MRIE5kEQ5VmW2270steZhVNlfWXnFL0_5Japx1ss1xJFMEEHlAySGAlBT9hw
131,al pedrino,YVlqknkIj4HIwGMLxy6byf4Fy0H-UrZF6IUKySgAcy_2_3U,217,-jxejOOxBOjQ9S_xUuHMBdhU0rCI3XdjPFpqQG4nD67nc3NZSC5TujQew77Jr_qBSgJ8sY-NicTzFA
132,Giozi,p7F-PAAkZeLY6sWMlRECk2tPuCPtL886QpNwaDPhlKLTpjU,286,4oCdJTxE1sjqGSqssF5xMJX4xm0sWxyJnNpXdhZrJ3g7swdNvo2JRgn6edrQTbZvyURrXkirrN5PtA
133,APG Gagalien,0DWFV78wsdNL-BDYyo80R4pde5RcAp6Ep6Y05O0I05KgjEc,258,V049ofa7FrOhc0hMh_yljmiyQs1YHhHNRe1YbmBru7_zjwzmpZ_n3CxT1KgBHGE0i3EuFKjRD7aA9w
134,X0TA K1NG,CSwcvkfyJVlcs1mQ7moXK-u117ASjYN_TdbtGvWl63OTBl8,291,gF-mTxUKo6RWn9DHj5PY6J6SfzrlVkg6JCr8Fwhxvngpoa9bhxZH9HXmFbps7cE7VtN8m0QkYFzOXQ
135,MádLife,p4mqHELJXskDgjRsk2GfV1LFVczLgAxhV4i49Ff_8Tlxmyo,109,DAB-KbGL5XOnkkJC-xn-JUly-3cYXWUMF_5iwnpV5JLklcSTvaT397rkECf_ZFV4GxIYVCUTzl58Ug
136,lucasdik,IUkSKKl2NMjPvVZEfgBqiouf3QZOI-8kcdz0jbMwILY-vBI,121,cLpYIqX3zxHP7pCs0FQBPXQhY-18x0KZnGYvBSmsO60NvHpA65yu0zN8vgymsu5KNysDKlDqAjny3w
137,Cabra Selvagi,yJn1QBi9kAeE9tEDuMnqTPfhZ-grfODvUkYuYX6WIcbN3Ao,148,o8LGEnsk9sf5fKjaA0FRhJrrHCXVHOoci5ZS-osKSzWGSZqlDqOOoLUm2fQLsLBKIK-t99FVfTuDxw
138,itzY4suo,EpJ6217jmYj9goWwdvN-_VJYkYWeTteCzs0QnSctvWn5YXI,83,EmqAkxmbYv24qkDFA8hvKWG-RITjy2OAvtsguuCgnDQ5mMNkcPxIh2FOqiuwhTsIL4HdbJxhtTXLtg
139,MnT,hLSJXaqjcnZdXvSAh2yPlXrIZfYzrS_CVNeEDaP9_THCQhI,306,Zw4N8Vcvb-9pbgOa1ScKOidMuLAhRCm8xDdR3eYQh1yP3r71Vl6dKcygGgNmNp3WeKnFfL6l1FHErQ
140,O Kevão,xPkoZgRbJVdtQIe2UYcWOX0vUT_6vC2eYQ9jyl1Z36hzNx4,396,oxqdbsJhNQxSWf2tudboGs9He86zcPsIxL7u_11rkmHQ-jm8kc19z1ag2OWpqL5EnY2CF62I9IfHpA
141,toshio1,pRSaPQ8P95g5YjH0WbhKzTRIWkyLsYlKVx4f32X7FPL4ezw,278,KHOWvBmJBq83TOoVi3JqoEobOE8M-JO_oofaRYEv7VBcrFbRRPRm7XVyXlyHCF9YAuWNmQLbcYTSdA
142,major mateus,aSVD3sxJvN3ybrdAchIrlaS6Joru83804Hu3M7jIyGzG,309,YE0nLklhtE8iWToPLRbvc93qQ4Y9JoaYIodE53MbSm1-bJnL11zQ0mgU5_nwcI9l5x6AthQO5LJ-RQ
143,eu ja fui feliz,MwO3od1mObV3NZ7E3klbXt5fRNdD9bkA8bYfPFjMNCFK,290,knnEzMWt8Aaa11T_l-aPz7t_axYsCZKPYNTYrlL4mM01MftAmlJh54qYF9-EooxDKhHAT2-1rwztzA
144,E T E R N U M l,ow6QNelbnN11P5r9rz7B1Jf14WeOk8W_9jS6dft1KEEcP1A,248,glEKN4YPaFvZqfa7KO16isIQDGcTRP9W9-rGLqKjnqPkcRiFO6sCG2nldw14ttxfMa54UzZDbrzoTg
145,meTs,1LoUpGCOdspqQYuatO0JfXQMSaA5sKccOidoK6vkkey8,304,479mekWb6gMxmodq4NVuBv4fYnJNKbpiVXqOHK48M-GVjtM5nGJaKI6wJ8z-f1Ah68AXswLoltpPog
146,saizõ,J3FXwBRS2hH8cNCD_Sk8hZAWT1ZSG55j71Od1ldNG9BqNKE,288,Gis1lk4v8e7zsdqu0XLijCbDylY7Lwfp7gvkp87zMEJ9xxbZ7Y3hJyOgUFUMdHlXNnd8h5lh30uA0g
147,Psychedelïc,g2q1_n_-2rQjujehqzUcFdion-Xd_b1o7T_PoWX3eQMt6po,499,zmp1z3Cn_vDSZGDZUZgJ10hBjA7xwwQ2N5DdFkNp_x0OzhQ3WyIdpfIxcK6GoyyhEeQCTO3VWASHkw
148,i Her and Bear,xvr8aRuxWIODbmSJAyTsYNNw923loA9EHae0IjXfcMCSp_M,437,KKg51wu5RqOvISgAw9q2bbX-MgnY4tuUGSazl5ssmsGcKNsiQpcZn2P63Tocd_xuxuGNLumwG_7roA
149,102030,B39rACFCXtWh5CMBz2X1yvARZjRn9CEtOQdzl0YRfiWi,217,iCA-hBKVvpqOTHJS5iEaNgeV5ZHJCm2P1aMXLurk4I8yrv9UP7J_MxxN0kIA0EqFSLvp_DfzkcxbUw
150,BUZZIN APENAS,cxkMsMw_4NttqpTEAPlDKoKwuVQJSRr5EXnouFsVnPdU,267,PZOksPtsGnhyyMy2gT2Wn-VQ0YM5MqyGW3kBEN1dKiThcFoihJa6GKxg3ykQ6dAHTlGeAM_7eDdOlQ
151,káj,1Abt1_twHdyfOSgxq6tmg-22aj-SG792mS2kuyqadVCX,317,ns6-raHrL0YQwgYMA7AFlJEvcZoTWo2ZiHBRhR690XGkTOwyea1OAMvgwfiQcQzoTNXU-MqVp_3uyA
152,alrëady broken,iRW-4bHwIP5IR2Lihmf3F2qtQiZqckbOicFuJNjPpK0x,173,xtOWPYgsiiWAdoatLSylUGVwuuTeeotOJhEMPnD2Vr7MI013_NJwDFfYS8CBDxJtGbi3bXvRMZwvqw
153,Kain,5QuidutPzino-CobrDfZd4iaTDrQZvy544EsyMQpYwLc,458,Vohg5AzKaZdC4b1a4h6PY9iFu3oVt8ED9y9QuxzAO-A2PCgc0jdvoXy7dAMYMMx6JtrZAkcqVlmbcw
154,Theodraxs,TtOgGYpgfGhPptq5uRAC7MtnLOc9P8z1RiUtk4o_Z7QNDi4,349,MxRMhFxo7dzRQNBIFTGEjuLI7CCubBnHfwaDN5UYZJPbqrMZvy4s0VcLztv9baGpCcNw_36qsDw5QQ
155,101166170517,102IkwHBF--tEXFDXXbQI3btJ8QN43ImaUFD2_rVptAH,339,qyK83sH1NBJMVL_6mwVxDhcUZEGekFlOwK-Mn5f0kEAcilUi04q4ocii8hZ0nCSfEJuTEsuaWGvROA
156,SARMENTAO,vCZctKK3KX29uU2QhT1tUdoU2zNWyHfZNdofcp3G8yokIyA,260,I1kC7fpXhEQdKWb76-48WYB2FIRcxtu9YRSLjAKvQz8BtsEpkf_Y9a4J1sAfSTpJEHZAh08El4KDbg
157,TW TV 4LANLOL,fGUMszn9IDeQcV9DdxUf1mZA4jROUGUDqoMTmnZ6yg9E,170,6CeB1zPt6AHl3AvGirOW5f2TTkxky3BUBu8eQ7OjJo-hJxhgUPAAPfPRdDvnVObW_Mg59VBF6n0m8A
158,shaco sem graça,3_t-Rb9EDCEdlZVA2L-fzAEvkG8SElQgiGOLty0UgIwUr-U,348,p2fMFYMVoHp9hHawCzAjnRyoHT6v4_S24jJ8jvIteeYE2QXigIpnromjCWDqePToQ3upkFCy69m_aA
159,Dudu Oniichan,FVJsXPW3zKZkSUeR5z7egEkWvYo8BtSBhUD_WBIyDtsGINA,107,jGTTEky1yPKrwGexTv6UTAZobNEqLM7KV9nhirnVV8-NhFm9RKjZDFwjmQcMxmCZd0Pz5e6AwVflMA
160,make it flawless,UiWhKEAgLltmFNleJt4GTxYTFHfV7LEDY3S0VKkgXChCYyY,90,tIOs0sytu8xIa_RiAj62ic7WV6k3uJ1Th6FyZY3AnOVoC8AFTykxp2cOat5FcKNZVeIbUqkHfHIiWw
161,Mas4ki,v0WEzNS_SE8Zg_XRkg9XUhVXbTt-2gLCDAqLgqkKJCgkasE,322,Te_rUFGYmjjGpIr_GEh8asKN-wCQXxGylSqUP5squfEipMdwnjQCv1njEUal3pV60iJkLh6_Qxvvyw
162,MaB,kwQG5JjEgON4hSu6MkZGkTqOtRDbdF4pLnFvZloLHjCnxIg,397,M_sKknGe7b45ar6GbCXLS0ZPV2xOHxtdojMftJt0w43Nr1dBgoBx_G41Pw18T-YjziSSOslbbqj81w
163,1vern,3qvP9eCtD9DCMg44sAPeZq52M7Kw_z2PMJGZuciIegkTjQU,375,5qGAP1rYgI4S9--sxa1c9mTFgaxddgCxZNV15cRh5gK1bbesLXt4rI5jaC4N2r7ZTw1Y_7H5a3S4sw
164,Jone Brabo,9LlR28BfyCNmIucw6k6_n8Lb6GV04xvl9oRhKcjyJo27,355,3lubzSq0pYcXyjvHkScCiBCOnrCLizbNSWUKHzQsTW4xUcxh7ChW7L-F_OinRAFIUelO452Vt1gYiA
165,Huracan,h5EMUR_WH6JlMhY2xbZ8flol6GJSO8Jo99iaWNnfBw2gs_s,298,5biRJJXbdNgm9BleIuh0RMkwfcia1HlV6OMMVHg9fIx51-dceb5POnSOSQnGbM2sE9cGWf6VrIzP4w
166,EnferyOnlyYi,6OzmXbovUKfDP_uYzfUvjTMGiE5POc-tomAmswwFfIbbtXQ,62,2bNbm_t3UGapxmLlXav3kBnWuZpgWXeaFkoKV7IkbXzpFdnhGLQgQ-Z_EGM7H6b49gec-gmd-Pp3Yw
167,zGabrielPBM,qD3hrZ0CGMS168588wmz5H3SSpg26-Vfl0QXcJdvI5jhLFM,300,X1ploTT5OjdNYBzLlIeIclTuQt0AngrDgcPOmnQYjmMgPT3lijxK_qPRZCoiyMpMEhftJnF8hDYotA
168,NvtOo,zRA23HXSk92P3LkXaDF7GNjPyscI5efAjvmMz0ryxlOb,214,beZPOP-KN6OuBz1RQR8meTtUwmK1AE0RTB495kmb2gFDG7MTwvC6nHJ4ZEsghreZsc5pxkcaWYsTMA
169,Salim Bilim,s7UUvA53aJsKXcTTirDwmHYm3wG0e1AN1YLayQQruh1U,323,5I31ThOhPeIW01ZgdnRVlG2gbqW911feoXoRLasE2L_gOE3g1MsNz2-nluUXS6djWqPkf1sdW77RYQ
170,Akira Akira,Wn0eaHXTxAZq0WFE5yHeptxhHCi9j4kAEcn6ndEn9DBc6c0,215,-VYjKHrSZRSn_dvyhAM84anPQONhoc3GaIhan-SZuaP9gJwcCD_Lpb8zfDgoYIJMKQHhOVpiK3tgyg
171,Inorï,FeMjcCoaQRr3aTliLjS5JNHwgtS5oQ2PwpTageiKT3_M,482,KrdWxtDGbopWgfJImuV9MY80Gimtt7uqFsJ_3jbFYk0PKjNZdpaRpmh4PWYCgJ2KuCNA9PGrMay5dA
172,they are weak,hHEjWOds_AU4uSkkGVmkjLRaUAOiK1CAssCdGU1fcM7hPbw,217,lfyl9DApRnkjTfGuDDYmf2Cz5Ap1Nysu6M13-iO-da-EyGB5I7WP2O4C1no3JkafsswTc-z3VYOCiQ
173,MVP Tombini,8Ytz5kZAUm8ijvl1ZmK7lAB-NWo1w7Slb5su26UH16jOffc,371,nIDO8_XSDJ1BM3pK7ESBT2Y27Ni46BxU9EUn7Kmoa37TRtZcdTGKu_MMLINOi0sofTLWMf8uG0hMwQ
174,Young Lynter,A8ZZX3UEZ0KPVuypubwfCCBduVu9vum8b1M66A5eSRTTC-0,97,JAPFslflU9N4DgtCsna8bdvoDBPIwD9Im9RSXYmmIDBPtR-kPJIcCDmh-eOY4az7FA2pElACAsgm7g
175,Daneu,KvjIBosyHylVX7Xri5rf4i1EhMS54RVJtggDkZVxfrzwazM,191,E-rP6A14DHAutF9P2ogx7wOtB-_WOzszY7bjKeKYDbNh2sRoh1jd6Oj_311uQ1ZH_b-UF2H7YQZaGQ
176,Adcpição do Time,A8NMriZBv5ioyG771eaW4VPEpYSRx7oFDDmsgV5eY3kT6Lk,276,2rbJooZ-3Sxg2NTaM5ptcNV8OygoLYRUDj1sf2iKeXx6jL688Jy7IGgT7RYnNJKtM6a69WkJnqLsAQ
177,Cërsei,olxVySn6Bp5Fsz7zNwKmaf6o7RhouFAhvZqbumGpnQQaktM,373,zOg0F83QnuERWmLI--vSIIegl6MaJMQACJBpl3XM-hLNJgAJp3TpnkNtPzA-a2blPqLxLiLLXkQ69A
178,FAUSTA1 PATR0LA,n9t7dVkmjXTT2FP4jCPF2FFwQu-kmYFbzsudQPrVAjZ-,194,DEyzQVb8A4nSreRr7oJ8__SVb6gr1M3FTbsmfb_vz2u1AbvjRSlTTFnJd6zUxjxbtT1mr_d3dO3HQA
179,Blue Kageyama,-hrXg-yNq0-VcMGTeKrjhyLy_AIsAimQsPYo3g2CtYm_OtE,133,XMWlVREt7-PnASYRKxylgO-1ZhbyC6pcwXCcLBIJUtCsaf9y5Ia8qLy3TzLAcX4XzydpHj0OhiKGLg
180,Rafaela,uBF_drpX8f3ilzilm4rg-cNNnIqa0b70h3poJKpMxUQZEVU,252,Iuum-2YRyIt-Cw0qsoYF6N05g_e_BbILV59_c616baS77BhucnNN9_7t_h6HAqn9FMDFHF1P9qamqg
181,VENONINHO DISNEY,6qwqeNx7mLNZ2qdL_V4e1OqPeE42xakEmO08-aOVQTrG66M,208,Fr3a-hwH55Ym9OG9ud5yNmTYtr3Bryy8Ozf6KdZQh9i5AY-0R8S8If9y_UHj2IFBhebOQq0LADYukA
182,Waraitake,7Srg90EjXHzqz24LIB8ugIQlArvVWk8jq-VCvLUg3synf6c,400,_OYZ09Zgw8hXt0FP2juq1G78jvyKDOXFIMP0dFUVNVrylyD4VrzvAGNcm2PpuPY_Jve7G-X2M1-evA
183,758133417352363,llYvE2rprT02QB-bLyeK8k5-tPWqCWKIEJn1C6ANW7e2wdA,74,XxNoEnBNbitdUljG3Rk5r2HAZ_iFoGHbZoWTyNQUnXTAxc8aJyAG4YOXkWFxM-gQkwllZC8fnAu8Lg
184,4six,abyvJOUcACQbSyt3BmT-F4_ahWXaEXCmGJDIDbOPUh33TIs,298,Nus6uwRXbgcPksGVT0MFx08Zc3xT10ZEM15Ssoe4BE4xQwEGJaGsRQ5i9-o9egme-Wk4dFqzutxq0w
185,Deus Ori,59XB3vhfuBDBlk-g9zGDq_XyuuDuA4hm5Fz0hLhagxvMW90,236,gSCz9-LXqcXVxkr33PgKKIorFaWLgwWyVR2ZuSUxrk7I-ZGBE_vBpcsjOuCopA8Oro2yL4owZ4AJ0w
186,SatéliteNegro,sKAfrQag4GsJI9bjEmQXpLI697zh8Q9RtPkrXA0mMAAYuDM,229,wCe39db7oAUrob8a8RlPHzzj-bU3psf4ho2GoHZ0Zs3DEz-6cni1AMo3Y_72BeLuxQExNcMy-oNpmQ
187,Anonymous Erus,ArYghZQUYr9s6YDsS0tOf1jI8C6gEnh9gmUdv9X6O7k6KxM,228,jnmCbBWkYkNgGmsdyaGGhpZ--iOpfvl9V52m9PVl-JqRUSjHXuy-45ui5AS8lCl6pQLpK29oJmth5Q
188,zglueck,80-Vei1QsHz7ZNq9F7akthn7FB3E0DncTQPkl6S_1rnyAYY,216,DzdZmAZazyZ7ZS-Z-giS5k1RVSaHalAio6TT_WX06P-gJ5OUpiHa8kF9VBiphaD6rVC3GWzsIQxWjA
189,IRazor,NGg2I-Vp1dPxbQB_tS98j_4dSk_7G9bMgxmFygFBx1NmBVg,197,Dz2KTZc1serhNWIRbAv6B8zMeNjDuIFodq3rqzYRjDraJEVJlzKNUciBUtdyBfjK9cFN2-t_ZygcaA
190,PILMCO,-eqmSkk4Ejb9142bVBC0U504kKfImGjrU-lc0AQHOEf1mR0,252,JQ5i-Fkw_qrV7TFoS_MGdfNyCc1ZCFtN4rDa9gKQFjKF-pnRwrUj-1m6CxH7pteLOZASU11b0QLnAQ
191,Textufire,ZV4wlmQReNpm8FVViQaWETEd0m5DXsEsXStZg44TgIme,358,aWWPtgk_9TkCIRIqbv7xTSs6Z0qGLvs5rL9yJW-c_yKHrgzPrg4_wuiqHx8buGjV7mcdjsz9Mp-etQ
192,O Duelïsta,NSsyqsrBsS_e0S33oI512jJQLRdS1mMy41yAIzYLem4P,75,Vw0WiDLvPtEv3x_dB4Io20VeReUFmaLCGKGdNvj4DNf2DbJTk62CCflrAWURMhairn8ZU1y5jjloMQ
193,Quyba Carry 4 U,wY2f308QA1EbS1VVdqAPyAAMTshSr77kDv0sy-cdnB_PrtU,120,B_Q3srW-P9DYC0vb9dfRfaORV6Ro13sQ0sP3qx3wJ6wMqOnN8_ZfSTQlot9lTu2cIzIwWPszueA-Xg
194,Berserker4i20,y8h0lXpBVGpdF0sZjsqhHsC3a501vOSck5_ae9i3EIWGQrM,177,z51i8Il977s1dFp1rT6CKlLIeDDA_MEsmfEH6NsGlRnh4jvsjin3xTpygl1Wpvjcq7G51Vi-uJ7BtQ
195,Jempheyyy,VIKm5zDIZCYJxeW8tlMtWW1i4pBOkNQiPf_1LskGK8WOV_A,120,zZ5hhc7nZKtPGATMJC_ggICR547H9vzhXSch3N5zgOLhipluoXjsSnoez0djdtAdNqo5cLSfdZDI4A
196,Glono,aGoIrEa-Mbwt0rFQKh432fFofCjAXuBYkXD6FM1Nk-oMPn8,334,2v3f2EyhqVhZj-MBO2RB7-GH3aE3R-nEQgjneqTQfCC8zQuqerzHycI2hFcFQO_8KK8raxhbukm5NA
197,MisterBozo,Bsnbwgw9KfSp0k-ZsIEq50VIAOeAYM04yzcVvRFeQlWM,306,ZDZqtM-5GKGdNwYY9AaBQltmCe5JpF_B0YgJq4YMMwiZbUtDuL3RmSDkYkvfm1yo6d9kPKebRC-aEg
198,SAN Suture,GpiMX7oPzM-tFxBEDWj-JaNH-xFSTIo_8CLTnrsQ6eZ9t0s,323,IU4CMjUOdi-B6x3APjwIHsV23z_Dpg12BYsIoEm4D6BwtMk3FIQUSqMlS46A7xZ3GOxeEvgsWuQ7kw
199,mono ahri ad fdp,3eHNG65Rkc6EZR-4CJOYxyT0gvjFc_wMCEsIo_SelV4iSX0,245,kVLP1AMr_ptDqBCZmNbyowj8YaLcwNokvisbdLU5k58hW9gRd2Q-is5UQSqjWKEY5UuqHxH-nsAwTA
200,Galante Aquático,lOIs1XP2862wPDyPvnNurmqXjzWRFKQXJIS9QwcXGt8DY4A,296,-9_XzOnk7sOLgmpV81wPcGEV_2f2nLuyH-rq7N8wqCX6nb21UCUTLKn8zi-s_uRg6QkXN-24o2ExSQ
201,Step Drox,DULhS5uz5BN5uXcd9pu7WolciGeJ-Tg7Hy00iOW-WTzs_uM,183,DD9Kgr3ILk8t02scP_8icCODm_DdPXLhZ2fpaqDmYBAGFU-K-m4ePXNF4Au07huf27Nd1zbDdRjH5g
202,Josicleyson,kp9Unt65eclhORq2HhxygQefyZj8jbvQHoOulES6KN4AS4Q,522,PRqClcoZCLRAzHHMdM_DrIDIGphnGP2Yy5bibN3TjgCoDYSMz6COCwQra-6eQq3JqcFTyCT_Y1WT8A
203,Cabeludo e Sad,ELg97zUg4ph9lG488p5Mk_KpZxGdyuJVIo_AzMJkYIMBoT8,422,PBlCdqOKcHz-NCo3olm692SiVH3yNhQwcchXfz6pdf408NpX1N1ICMRoIah18P2pATIZ4HiqfPyVUw
204,Me Myself l,tJmfU_qqidyTPTNpzBr407wlM5Ad7K2xaaLRc81zTo0hN7Y,188,LnAj_lrbw6Ei7QlCfl-Z5HeXFxGegQk4HEVGfcVa_KHtvqOTrtNDxIBfKjSrdg86YMjvxlU2fQtp6Q
205,Pivetikiller,nmsINaO7aLZXhoD6_u7Sj9kNfk2owgbyUkjl2ePpCj-UPW0,279,d-n4DypYZB0XxSb2hM7qicj5bflkzASG_f46RcCevWjWFcTw0ceXRmZb4i-ZvGbrX4j7T7TYRSAd9Q
206,catch a fireee,p5gtfCphMzSZUHv_hGKI4gAdej_ezQcgvHelm-rvB_878ec,134,EVZfgcJKxbwTCbnvj72it5d9gBeI52DNAoOL7dDKbWgwDp-a70Kms8lifFiFzaNa2atF0Dq6Lx2GrQ
207,SUPER BARRETÃO,Z2bAc9I4rxRCeXktXmHu25OqGZ3M-ksZ6Jf3gUb0k2-ZvjU,205,AU6pYfajoJAFMgFNGWD6Fa0tSRVs9cmrndPo99sjlJnP7s1kOymz-kY6gecwzPyx75f2cAQLBv7azA
208,yakamashii,pzRF-anYpZMHBxzpnmyed8YdqPUVhAgjUvypx5YqJfM3L-Y,62,NGVq8AhxKdMNzMGOI2w18Wd3HGGgxaCbZV5qmNvVEVKgWOTjZWnoKDI8KYaq_DRgR42CpemaU2_OSQ
209,Pain Ryjj Razer,4ZmLsWn5qjXjBE9jN5Z9RzPA6NuHJgX0cWUFIQgopyo62C4,111,lt-x1X1YlJxlvKLWPPXqMUTUdrIoaiCNF-clzK0dk2s_S3DGoTDuZxh_K8DFAr7qu5UIC8l-kLds_Q
210,Pinky Dinky Doo,YGsGVOVsc6FSX90TG9fpwVEl9imB5AjSyEuR81M_w28kbyE,222,YK-JVdB39KQnestOWwRW0cyvmdvhItQLvb12dmHpOYtyvWIXt4NJYeitwa4ebRn1uJIXL36-3DaObQ
211,Partiu,qNyJ9QujRyC0flLDZx5gDST4mnO_mL4HshKscCKXaKTn9vg,375,k-VjwwOYTWj9ETLgw7NOKdSjJcVlF_qrXhwxkfcwnUQij82XsOjvX9RujqovZhrhePAOc5AC-zN5zg
212,lLeozinhoxD,tp5wCvGqwvKYRcZNc_8fVu83p5J3RMCaeWz0mdIlXVXMDG8,313,D_Y4r30mvVzPWH9fxlxZouDYuoIRD79DwvjrgxNulB4vWYMjGS23LEeCo9nVZgWqDV42RHUYWwsO6g
213,Defty,PzFj7QzfjYOSysmCC8Cs5wVynlH2rH_mClxhL2Cop5YTDeM,275,VH5ZzR2dg5zgII-r3ZcYoS8-Hc0K_TBrAXp1LRBP0_kNCwRgCEq_H8Ak9Wy7WtcgGHebRhYPbyYGkQ
214,LectE,73cdUOtvcfMrazOGUDza5KFe0r0_QRjWZLkZQPMYUM2JJ84,359,PlrvzSzDEnYe2RAlOeHw9C0HiUaEVtExK9M2QHva-1Fun1XUYFaoyp4n3DbNc7FbcnK7OmT-GYfGXw
215,unsteady,50vO9dHIaoaT1Ay1KCZ_j_60E73F1splKVc2ANN1633fCs4,383,CElsURyjiQ2hMkU9HwDr4_7X1NPSaJXTEz4XXCEsdRwgc7Sr-TXYT2VK3nIpfTnVW6Di2qk2QQip3w
216,GoodDay to lose,X93uI7TB18h8ITLxeSEwCgVKWd5fiDPUFnLV3a_tllTvBQE,218,r6QRDPls-ljpeOpZGwkaZH8ZyHGeIE3O2DQSIx8c3YmxJXLOlzLecClmdWS1zX0d2azAkX4MNgpj9A
217,mid flare,OsvvA9Q6kQ13Wawx-CFOmxdI5VtBZwxtOfz4BAw52KMb-sk,142,n90YpHr91XUYggkBjD5EB--qQ-ePFuFknwDZegTJCUHCpKB7n0QzVqZTlVaeDKdaqQ40h8NBdFEFaw
218,SoloqHeroLiperjj,_eSqPsk5RA6RF41QqTgi6XX8ZoXbqEL86GLu_LgBP1Kjeg0,57,3pVE7VCUkau1_MtYlEd1L4FsZePOFGMEAT3Os9wDzcNaWnlC4RH5Vrq4Bikw53ghkRasZDerA-l3tA
219,Nynxy,Jtq88sbzlcjot-IkkUuBNxAZafdfCTq6oQAqQdudGKS2UoU,249,rpspzdTcH-XfJFRXwbM1EtKv27FrvJLJ5-inBUjqPnS2twT8cP8tANIYnmrApr7HmpNwxbLTRf6YzQ
220,Meinezu,6RiZtnGs6EpyUOEAO7S2FqyoOQpCSIn8Z8W7YUdm3qvUHu0,201,JOY6EoM2IRAfLXBz-jebu414SlelPidrVCWquyOCpthtlomHY_pHK7gUV8yKFLkPKrZdV3rItoUN1Q
221,Kiyohíro,EwHN3DrprSL-BoNHEr0SQRAaplZGjWwtVObIY9g1fzOojyk,314,Mo4t9nEvsKGkR68jTJA1Yq-StxCwhF691_NEV6NKbrx8ahhBkw2j7N8usI8WRP0d4Xo5OxX1aySNFw
222,Dimas Vigarista,sYPCIoNX3WTf9MlG7yWWgAMBX2sIDfHxcui_fV63Iv7V-gI,266,MwwfqjTIhLRsRyK5UGiT096jxd9dFZJzhtKneG9XiQGnFgve9NwHM2JdGvBdGzgXuI97Y5OxPdXL-g
223,mihaaawK,rTgHoOeltUDjfz4iDoxhu2gsVh4ZZpt3mYxgP06RiQdcG_g,141,AAOV_WZLRIiF3V-WUu3eMgzHUGsOiehhU521YnV195C7XhdJj57UHNQ_DMEorZso_1qZWJpbCE9CPQ
224,katsu tsukuri,sYjkiGnlSXzeYQyxnBDiIKq1jEWBx2C0aRx2XEOQCBj0Vyk,396,8S6LGq9VHuYmtKC-16qEcSXdXvYzmioI9e6boE0R3W8s33HoPunNKTb58oo2Yjh2XFtFvisp6kjGEA
225,Akali Kawakami,rTlBWcObRsp3G-wGGxHISJmM-MZYCz1EXwZqHWrZA3xccZs,214,nD0sRfRwFPnsuf40judu_K6QJiv-Q35J8aW8sWg7h_wAI08qI3uKnKA_KLn9gSSgrnD9Lm788tve9g
226,In Gloria Mori,IClwNQN7Jho1xrdFZHsXQFAVBU-MIoHIBMcv7SsIByPH7AY,333,ZsTnrAJFbJ0DewbkN2Rb7rQYum0OngHBmNoUonSCbQsgaQrlX6BO44vLMwdzZxwr2Bz2PQBCEwbfPA
227,Marujo Bombado,UNPuFKppatWe444d2XWEEXjnSmvEwqEeljP7h3bFsdEzryo,197,vjMnc7IQ9AtSby7HsjwaBSIoa8V8NIX_CCA8hgznt6ZPonUGz1tNstKBBn8R1SxbngcKLYxhFqjDgA
228,Expulso do Mac,uL4t39X5EoNeY8bds-eoQkpf15B9JRs7kOkio2eL1Qkwjhc,265,Ow-knW92hOIIjdJ_3hC5HVvvlDDY3Qie6gaszvY5k0gRu_YyJgsH6NejY_6cN2qMxY0KlDNx72LYSA
229,MardGeer,5xNW14v0ASQ-CpR7rVGpraD6osSAYhH5UMsT2p8r2Gd_QV8,258,tA20FE9nMWqdGrJx6_DrEP5H7t1yMTxw-MZLXbO6PmLkg6a3ihlkB7GnuSXUMy8wtxoW2yZucHgPiA
230,JOVIRONE FUN,GrkiurTPmIPsDgR4zhP9oeR3838JXUt6bwBO019l61LJxIo,200,MtwfEv2uDHW_zRxrloQYQbL7iprXpH7tFkPrYF-WZyQ09lFfNquOidgbDheU1ShvIG7NkvUrR-Jv9w
231,11 97723 3616,bgd5ImnvHo0kWlP3P27nKHAe2NrTZ_1CFKnZGbXVhsSmDjk,144,ddX92trMKyNXi6qlEWu1-fzpArfg8NE0Qk2v_nQOAW09rTR3ki1mYwCTyao2Du4uKdkgRy-zxbvVcQ
232,Unfor Ever Alone,-Qh4eUcjmVu9I2I3uvVqXfmvrXokr3BAlfZwkd4Ccbjd4HY,75,Nws1tH6w9CH2YphrSqEteqn7cZVcUBXpwSiOgW8SITmr0qAUmBj7h1A-Kr0yQRzNnVEZ4fzhhkab5g
233,Evilplays,oszJgweORal1TfXXOQW6Xtrnr1y0HAlLB6_H5o8BN4O1eps,323,pM0AQgQ1-uHDmY4MtIfgWhpptdXInDovwzR0RH8z-RX_d6NcQX8CK5oiZO9dXh939AML3Rg2cqPawA
234,Little Spirit,mrQpWUPIkaHgbConcC7B8cEvER4rIGr336CrhonVjo40w1Y,91,ougTKy8vQiDE8HVgQhvxbWnThL2nZJ8h3JslJLL_DLdsKSHQHgrItJ0ItUPtGLvew884eRrA5G508A
235,iKazemaru,f5jAe242ZGs-lQfu9cl9A3NRXV8ZGYBjt9R55JHbYsJObVc,239,QEFFBm_xXwrdC_6BY4E6wrjFja3tF2Z_EBo93dAB6yDn4Sassi57bHqDfooCcfx-Yp6JoAREnKsPJA
236,Ernzen,sFx9lnDcW9UjPMzk-omtTpMjrLVn2iKFtGF6GMIhK0p4ZAU,200,CgYzQMzSqGXjVmQCUaHi0n7rdlS4Q7q72YlzQH30NE0nFveDOtp2fX3Iv5nYpcnP0B5aBhOFLrHW-A
237,still got time,GurXjqgkt8PxGsSU4PHzpcD7stiM_BmurS4scnnm8aWVOBk,290,kVBODvY2ZJhXIbBZbHXgQw4BOiQdWvlIbM6iOGA1kM-5JJOH8mAu4zhtahuT5yhfXpUy3f1YZGQ8Pw
238,DOUTOR RATÃO,1EFmRlb3R36Fn5nYFRBE-EiAhZGk_Km8DqcIR28eukShosY,453,-9e5709e8kp7R_SLiDgoi4azorpUDI5aTG9Fjl5saoGTdMmAHB8S0hyrNeLb-eyu6vqJhy5zgFbXhA
239,Darkong,1E0yYWiiVVzmdDqClyjIodT69bfsnB9mtQGd1mqGDPBY8kU,311,-EwfVcObieOocGp1YdHx6CsZv02JCSItAsWIyrmjO7HnvEJext4A3ST2x-Y3jr9kWceP3y6nEnSV9g
240,Arcanum,cFV511How_MTt2l-O_CoIWRkhkmu47z8-Df4V4AAtrDdYLA,231,PT4FiLwuCd9PvLmwp0Su5gir0bgS7xfbdMF9mL3BR4OguzT1OS7yaNlnSRoyEoMHlfRXdKN02EsZKw
241,Imortaligao,evEfq9FltKZkcdHpf_d2JzduUq6BBqXZ6lEPR1I2GxfUg7E,218,6y0MIJsegdFEUP1WNCJL3QykQ21KDaMbPljsfTZ7cA2YiL0yCS9X8agVJ1ulV94OB8vgbZ3yEUILCQ
242,kakeru akemi,6wxef7b2BN9csECvkOFktmC28IKZ4r1ABotJkGPOlgjsmPo,212,lGsmi6QxMlwN8p0mbwtrpwgrp645by7rgAMydsHUQQOSFdvB1bpMd5vLb95f-6BjuZdHN0r9WCs_2Q
243,Nerugigante,N0dbOCLir7yDix8Z0M_cbtjueMq1G8BexoeTfAMfSh8-tfM,187,_tHPjiQpHoUpkcNRiYzCZNoODbd6HyuPfB-k07ymNdKFhpofmeYQuEl6Hq3dKu_ts6pFlZR3WqJAEQ
244,Nelson o Gorila,NmJU6qagvK4gYhxjxhhuZAxrLxzwYlKh9ZOJyb-2CQLGebs,294,hHCbHfB9wiwp7jdN98RQZjIX1bl__TR8QHGmrFDEn34pr6H0ceRIvO1C2pXolb_6jVsJQI_nC6gLAQ
245,Incendiar,lSNiD485ojRA56i1dEvx78FyVPvHzMdCHA_0e2-9cEcWseo,509,LE0kvXYw7dzkJ3Ipoui24MoIdCyHBVes45f5cN8d7W9473xYB21kSYVAeZmz32oLYc_IkJmRvRx4-w
246,Lampião de Oma,59jdpjD9BGgsnzX54srOuNSBcJ2rzICGYsUMQ68gSqd9-_Y,134,nyt5DQixD2euxzF3vGs0Evn1V8O7bxhMBXH0ffaw3O3BFBfmghvCBdZsPboR2vA6ZmDZ9A63KFlAzw
247,iPATOOO,Dgsa6pK_xaZGJQHhhlL7cWrtuUQ8o-fYmrb5i1igi6msuIA,156,soEVkdxS0xDaMWH2NpEI8AKVEpbr2EArrvuLauASKjvyM8qHHqzmpskqMVWi94X67pqxDL2-11oGXw
248,Lukz1nNn,BQ6T02fd6PzYCwX9i7eTKZjvu6lyd3eWJq-Wexn7hrlLFeE,480,I0ZTxl7z-m3obY7OeLGKc61zhR10ed_p5FxScbVkW0eEqhssBEvNqm5OU68ybJ4Z1q9inkOry29SCA
249,thinkin bout you,6xbr4gibKe4C7QRAXxRPkeBYEoS_mFnlq3moXoN24OzpH1Y,136,zftPMpE9QF2G0MfZK2J77z-HI95fpZWbT7Tk0au2tfE40QUccCRpGoKR5XZrG4BYE47VE4F07ShKcQ
250,Gekigami,imueCbJ0jLe2Ew2IQRacBwdgUply_7M9BjdmSq7PyH2c_Bs,316,TkzRYfGIug-leEvNkRPFrOdE4VskVgg6qNulgH_ReGoGMvsiYImXnVgg4TpzZqu3Fq-zgne9h0A_bQ
251,zJojot,jfGfk6bTom4_PuHpap2jRKUoIroQVkDga_s-DKyudTNcioo,288,GfXq-v3CJQB-F-UDwJw08zyf3bBBTeqBPaRq0EtS6rfRXmfJlgydwJ6RfugnGXmWsPyNQmJBxIodhA
252,oCinéfilo,hKznjwFOunQK8MZiNOQBu52ksUQ3N_Kfv01ASEbM0mxUagw,216,IrGGhbrtF6C057-N2PUc_NmtSjtAAj8jppcftr0l4actSuBstDCNgA8-HYffHcmxNkKVOJ0lL3RYcQ
253,Mono Bardo,Mo-BT3TFS4CSgmjVxnN5QCRrLBMHY1sjvnNu8ez3BYnECHY,213,x8NX3TwRRU0RBbxhkN8cewXCEpV51JnnuWK9ytWOnGGcalGDWP3Szv05ZIeRbEEvu1nxm4TyJ1Wu-w
254,Tokkai,F0V7bRAaFik4qxNw5gT-d2boxTnMc-HsXqx8bZsTb077j1E,315,gAakxwHSrumCp7j5n_Cib-VwmAqmU0-6119uXHDqZBdEDTIrNyLbLlzWOlvvtQQb0Yd3r4MX7iKqdQ
255,Tio Biila,SQerHM3kgkf-V5nuRsEPGxc9oKEe1a8HCfxoWhyRTVCHq8k,92,JuZYznuiSXcZaabM6FSICW69zSLZgeMlFlAiDlaVZnkUsjy4ZSoUZTfaF_9f-ehxPQ9jgSZcNgQBRA
256,Koala Criminoso ,AUgFfm2x7bmIhtmnGCafT-9425CI73DjWP4pAVkBWYAd9dI,83,Gb3_VLSghnIKhq5K9hwlvxBTtD0lAUk_juNTzdNokaE9E3yn58tMNMZVj5JkV2Ika0lTCtZY68qV5Q
257,Twtwich,Umg-0ny1hKxo3qfz5luyX-H6BfSfZMFPzbrUxGo3AO_-g1s,88,b6RnRoog2vdhkk0sjpTLSv0MTQfU8_Hey99eT8YfWjPX8gjVkyDAvlPhxzgqP1JtkQGhd3YxYN1y8w
258,julyo o pequeno,bPbVBW2-pIf66-mALVNAC1xjsFcvsyWbOI2YYl5I3F5pqnQ,293,JVOiIeMaNdDW7ELBZ_jYTcuDediykfF0cgCPybwP1MPJZOwCIZKOfiMtJ3FALQiO87Gwv1vXmvaR1A
259,Meliodaas,jhhisNyEsDcLGRjmO1dQy8h2tu5rrn93KGIfUOTACmt4kJE,288,LSH4vFgvwYdSHAJpk8a-thKwqhFwdXcqgHrkU6FbAXhNcNndxNlt-pDjTJZtpn6t7ccywNzClGeQmw
260,     DANDER,aMJBI2y6X1GTl7KHgL0-QxTlymPJ-Oe_RDtKCf_dMQRw4-s,193,SbFWnKAHaXICKBZTv36cZB_yoxeNCCJnguSgH72C1uZlo-U6XimASNk225tbFy7ty5ezecVkUn1REA
261,Nizzrenrub,Gk6e4bkUc5tJqgmuj-_ycBKE7EUhij6wf8M1o-3oqF6izeQ,199,B1B3uGGTRSrqQeBiJz7B7ZxgwaDo19Tto3mFuTwXbhjyq_TReK4KZB0MeihohMvpBAqUyunb6icwBA
262,KuromaPlayer,NPo1DPZ-YcfTjaJysZoP8svV7pYZZm8hsVsdoVRd2f5qrjU,211,VVdZrR23J_MWKmksHUgm9Z1qo6-VLKLoDckp7NjHihxUNtafKMVwwdIw20NjfejBO91s5PLq_zkD6Q
263,Celso,sO59A0n28W-YMVEjMSKKE5MCfObFmMxFZ76nVPgI1BewJGY,123,J95MGSeCtR7TedEqMl6HCwSoEYDw6auHPF2bc_j-bXD33gfRYAFfpOxsXgmvluXnqLrsAtrIQBXeeA
264,KiritoSinx,HYhQhLBdhfDIYTTziK80mCOIVRhp0OFfgD1rI3O9VxBjBHE,209,o7erS9sVFGy1uRzxaKwhw_7rBjDDOe3B7sB_tKHsoMblhir_sNM4QaDP5XR5itqVLOxLQ6EoidiU2A
265,Fallen Wizzard,ajvlOuAUUzW3Wbmlhh0099XUQ3Q3zW7T8GCzC6pQQBTqNPs,378,rInIRyHAjJdV65Be9LQOYPYbm9COuCS8dIqt0b8qrn9rufYr1Azv9qYKIzlXpSWbym_ksZ5F4bRFww
266,vayne desu,Sfc1YRB2j8dNT0T_vEJRBB01ejXriH3N8GbAxSRcm3rAxfA,235,eF3412IoBbHhhhnONbdoPrTwUnVDvd2yCpvRDoyBzy1vV3OLFw0G-GLsPm1gSonBNLrOXcPjQzMnWw
267,Janitor,NE6fI8I5YEjnCK6J92NmVSYG5SN6oxIHPRrHHZjTn3EVjKo,349,jUzCMcWl_DGUj7dp8pMiL-QIbHrFvo-PoTUpq5EwQqd4q-09tKlL9Xtv7rtmIU_VvrBV6n4stfRy4Q
268,Jokeymin,0186e-T_cOF0L7rpIgORHcfj6GEXCF-dcPBBhpvTdWwdg8U,151,Kex4FVQTqmKl_pXNcB37rNk9ZUo9k4XThIYm8XZGkgxK8K0WRBaFaJkI8cHohzzWFS9swKoymfky7w
269,blank zakku,UvasXuS1g6p8dBlxFR7jLAcJzKY5CwulrjgCixNm9H4D8UQ,324,pHAYoDP9m70gEgYSfDk1BZveQttSf5NMc3gSnztNmPrtj3FyIJqDWvLkzFxTYXEmiVQxBzi8oFFMqA
270,Sotouke,yZAJGaNOOZxhBTVsDGDG2GN2Ctg-ULdsjAaWa6T9zXz45TA,359,RgyyeYVREQH8NVhpiG6AAFhsAnnvgoiDR9KurytZMIhT5Zx1oI1Zli0Sb73hC65Ycd8Rve661Q_qbQ
271,WFT Predätor,SxjLZWNTy2RCBipXqF5-QE-lYs9_3ICFRWhPAXDsrELIHro,395,P89E8TwS8i1ixfSEM2QbDdoetJCEIlTXlRdPzTSbew0bt_x8c1ObIluipfNY1sliI6Hqle64K6mesQ
272,Toujou Nozomi,leShwpSDpt5mnN7s_WPZGRlEJj1re8PXkKFNOLVqVhc,400,OyQWLg6oyaNd-8TXMPoXLZqvHB4y8f_ajQTuaGuJp7CwDZxTWVigmkfK_XeQeixSUElevO6KVZ1JkA
273,Buulacha,_4p_6JRUeIOI4nMS47NZycQ4cSZWKyIugOCf12QwxHA,250,Ghj6QNP95oBRGhvX8Q8MLH8nmP3Cp4O4vO2ddQiqTeHuEfHJ7tf8TCZf3GvUKNQZdjAdDnEJ8myZeA
274,Isaac O Lerdo,w7mvqMuFXq4uD1sB_1J1lbdm1ycD_aEbIpm0HYPnDtI,313,PmUSZHmRVwZUOL8gh82Uj6McB7azk-pQQdpgcgjyXGvgsS4GUsf2NhoEjAxsut1kXrX7I54pF9-J0g
275,Zulema Zahri ,KFgdoQBZNP2Gh-hD7uf3D7SGcKmwrzaAmPzcLSt00dfSbRs,283,5r8NysjsKzaAGwrZaD3lm3zAeqP8HfeZ97jybCAVzM8_CkGjcsh5HBlMi8KVlsTu5Uszu6BoN0A-ng
276,Icaco,HRxTRUVRmZc0qxpd4kqETx3qe8dweoQTQrwwewsNjBE,83,foKYb-Inu_LscSxu4NDfcl7wzP6rasOhOlZ1LtI9Mf4tWoJyVAjVVHDZ-9RIgrFudeVwFrRxODYUeA
277,andinhu,-sOIggIC0Ia5bPmkR6lK-BVrmrlRUIhKJU_q5h77X8c4_TQ,250,iTJPzdbK6Wr35qFfhAvNatKjDnTtzGSE4orN6QSid67dc8hNHcBcwahbquYeGzm3wrpRLnWzSXdjYQ
278,Cocôyo,2Bwaq3jC_VkfuXx0BFccLE0x2CuXvPYOBBfWJF_0k_bwZ9U,65,l0IMe4cgNYogFl0B3rJCwoiGu2003aMrcJLrrRqxNFV799KqaYiZi4pz6O9O8tZxrmA626cE6HCodA
279,mvb,HF4BF8oCP_lRv4FVACNYdPM9O5KpzAMj7Pdb9t2dVZxw7r0,117,iFugigxtoRRzb0rd9Nmg_nodvdMbL4Lp9JrxGDOguQjsSwVkvCRofS3ybOyLXdzEYu_YcIot_vYiBA
280,Korsh,IHFX-1C9Yzuin6vXRWtHWo64yLElnNOJoa0SMwHGeeLEzZ4,135,4hTUbCuqr3ajWFURpRxao6UD40WHDmYcSNa2ElaWB0kdorpkbZok8JCQeWjY0PZ9J-3CSXvbIPTv_w
281,Gon Soku,thrvU4rwQIx-zvHJh2Q4Y3eW35XLzLAbzrTWMXQ18uVMyCQ,247,q6VJtxuWqVDmldLga2WWLZBlm6EIMomFteMxBIUfXBitAwbzqDOYORaGtAwhIzCqzbcYM8UxaD1V6A
282,Lohen,dMuMabct4-Ch5Mdto6ftRc7OzXiggjY_IJPz7sBYrVu-Aos,360,VEJft49zMUUMTfY4Atpi8TzQ4HF3QRIEaG-6MC5ykOwxceiRziEWLJKyLakraUaj7sxJyxeiu-Gunw
283,pinkside ddany,DnyOjjMbE3bp-xbknVqsf7ZfCN-wtz5FTEF8xIQdWu-XfBc,264,fnpWUYEApUMuLmYLQjuEdRR4uUB04UhFC685Mhwh3tS1eGQnZxs3KO3Zqtki4snYmdIxLeGQLYaExA
284,Jewish jojo,pB0IxcdO_Uf9qD-g6zQSFFjvFVkHRVKINmyLXs85MRA,188,HdyvOjc3aHFoz3bnMsNeusPXuSDusk7PnCVHKb-kZskiVwdEIMvsGeQqmpdAG79R9LGfGe9lJLyUcA
285,PAI PAI KID,hXjXbJ2d0M7vt08I8UPCKRpENFIRDpL-RryluufgpJI,230,iI8FeEvOVBvqJetykK-YKxs3WMdprDJAXy9j91h3RJIzclyYT74qE2Tx066qpr489Fzf7aDDh0m5jQ
286,GARAGEM NELSON,vHZhxqTeOPP1HdIp7t_D_GStF-aNAEh54IZ3epx6eX0,142,dXuaOm9MUpDBUeaWgoUR5s_aVPga5VTZDg3e0Knnf6Zn__OXpitupuYD0BaW0Uo3cGufo4bND8Nr1g
287,mid de itu ,zimnOU7sT719h_geARItlJeIgF_L_cnruV1tFUn9xz8,173,A-bbQLfm4Zme0DQuDGufBGtAMsEpHl3gAe92KG0nrBx1X5W3Yav5PuXMZDWK6C4UFKhVl5pLGqPSng
288,squachu,bj9_IlLlVwwfkz5qGVlwHRFWbsDdtmGoBtYIi8GZZXw,114,ww9qEyVaX5Ury-iI9-xMTZJcU-8uYhukmkPxgj2olPLwpMdKJ0w3Kp93G_sPaEtoEXZKaS3wz3SYHw
289,SoloKillFriagem,l4o_0TgBCxVCLVTLbcmR2tRVPNm_qIda-r5ImD7iJXM,188,qedwicPyeERBeG_rDoALdJtTYcuDoYG89Kc_kw7z74JvDk49jMjWPK2-tIfl2u3yISkr2O8-I9EZhg
